Raw Input,Reconstructed Output
[0.6 0.2 0.8 ... 0.2 0.6 0.6],[0.45124644 0.38931495 0.7415699  ... 0.5534588  0.58329487 0.37398675]
[0.6 0.2 0.8 ... 0.8 0.6 0.2],[0.59408593 0.21983674 0.815575   ... 0.77789426 0.59364647 0.22501773]
[0.6 0.2 0.8 ... 1.  0.6 1. ],[0.6491399  0.6065978  0.81897897 ... 0.7457202  0.5773453  0.49966502]
[0.6 0.2 0.8 ... 0.8 0.6 0.2],[0.66034967 0.22600272 0.83256775 ... 0.78249633 0.60429597 0.25159845]
[0.2 0.6 0.8 ... 0.2 0.6 0.6],[0.25049877 0.5414005  0.6573546  ... 0.33267322 0.52582467 0.50648224]
